sender,receiver,cargo,tot_no_wagons,median_speed_km_day,avrg_money_UAH,avrg_tkm
станція ЗБІРНА,станція ДАРНИЦЯ,АНТРАЦИТ,1101,112,8529.152589,53400.09646
станція ЗБІРНА,станція ЧЕРНІГІВ,АНТРАЦИТ,670,124,8446.81791,55307.06866
станція РУТЧЕНКОВЕ,станція АВДІЇВКА,УГОЛЬ КАМЕННЫЙ МАРКИ Ж-ЖИРНЫЙ,1312,4,1407.956555,4199.150152
станція РУТЧЕНКОВЕ,станція МАКІЇВКА,УГОЛЬ КАМЕННЫЙ МАРКИ Ж-ЖИРНЫЙ,1207,18,2098.504557,6390.074565
станція РОЗСИПНА,станція НОВИЙ СВІТ,АНТРАЦИТ,959,30,1986.451512,6278.171011
станція РОЗСИПНА,станція ПЕЛАГІЇВСЬКИЙ,АНТРАЦИТ,439,2,833.4578588,348.8667426
станція РОЗСИПНА,станція ПОСТНИКОВЕ,АНТРАЦИТ,354,9,906.1892655,1318.267232
станція РОВЕНЬКИ,станція ФАЩІВКА,АНТРАЦИТ,344,35,1726.244186,4861.337209
станція РОДИНСЬКА,станція ЦУКУРИХА,УГОЛЬ КАМЕННЫЙ МАРКИ Ж-ЖИРНЫЙ,929,14,1452.305705,2913.168999
станція РОДИНСЬКА,станція БАТУРИНСЬКА,КОНЦЕНТРАТ УГОЛЬНЫЙ,245,97,6180.191429,24901.42041
станція РОДИНСЬКА,станція БУРШТИН,УГОЛЬ КАМЕННЫЙ МАРКИ Г-ГАЗОВЫЙ,3286,339,20079.59437,91178.91222
станція РОДИНСЬКА,станція ГУМЕНЦІ,КОНЦЕНТРАТ УГОЛЬНЫЙ,368,289,10809.97826,74964.48234
станція РОДИНСЬКА,станція ГОРЛІВКА,УГОЛЬ КАМЕННЫЙ МАРКИ Ж-ЖИРНЫЙ,201,76,6038.333333,33765.01493
станція РОДИНСЬКА,станція ДОБРОТВІР,УГОЛЬ КАМЕННЫЙ МАРКИ Г-ГАЗОВЫЙ,730,263,21156.41781,85868.88753
станція РОДИНСЬКА,станція ЛИМАН,УГОЛЬ КАМЕННЫЙ МАРКИ Г-ГАЗОВЫЙ,4863,113,6792.223504,27879.62554
станція РОДИНСЬКА,станція ЛАДИЖИН,УГОЛЬ КАМЕННЫЙ МАРКИ Г-ГАЗОВЫЙ,765,393,12087.90418,51552.51216
станція РОДИНСЬКА,станція ЕНЕРГОДАР,УГОЛЬ КАМЕННЫЙ МАРКИ Г-ГАЗОВЫЙ,720,146,11995.4225,29278.13042
станція РОДИНСЬКА,станція АВДІЇВКА,УГОЛЬ КАМЕННЫЙ МАРКИ Ж-ЖИРНЫЙ,732,20,1850.773224,4200.584699
станція РОДИНСЬКА,станція ЯМНИЦЯ,УГОЛЬ КАМЕННЫЙ МАРКИ Ж-ЖИРНЫЙ,1515,278,13077.49637,94124.92673
станція РОДИНСЬКА,станція ЯСИНУВАТА,УГОЛЬ КАМЕННЫЙ МАРКИ Ж-ЖИРНЫЙ,760,41,4637.565789,24094.61711
станція РОДИНСЬКА,станція КРИВИЙ РІГ-ГОЛОВНИЙ,УГОЛЬ КАМЕННЫЙ МАРКИ Ж-ЖИРНЫЙ,1542,95,4539.879377,25703.91051
станція РОДИНСЬКА,станція КОМУНАРСЬК,УГОЛЬ КАМЕННЫЙ МАРКИ Ж-ЖИРНЫЙ,655,45,3867.138931,19976.67176
станція РОДИНСЬКА,станція ОСНОВА,УГОЛЬ КАМЕННЫЙ МАРКИ Ж-ЖИРНЫЙ,764,129,4894.129581,27172.23037
станція РОДИНСЬКА,станція ТРИПІЛЛЯ-ДНІПРОВСЬКЕ,УГОЛЬ КАМЕННЫЙ МАРКИ Г-ГАЗОВЫЙ,938,350,17782.0791,47901.91578
станція РОДИНСЬКА,станція СВІТЛОДАРСЬКЕ,УГОЛЬ КАМЕННЫЙ МАРКИ Г-ГАЗОВЫЙ,11437,99,6991.923188,26662.24533
станція РОДИНСЬКА,станція САРТАНА,УГОЛЬ КАМЕННЫЙ МАРКИ Ж-ЖИРНЫЙ,300,75,4963.613333,25693.80667
станція РОДИНСЬКА,станція ПОКРОВСЬК,УГОЛЬ КАМЕННЫЙ МАРКИ Ж-ЖИРНЫЙ,1435,5,934.7665505,679.5191638
станція РОСІЯ,станція ЗАПОРІЖЖЯ-ЛІВЕ,КОНЦЕНТРАТ УГОЛЬНЫЙ,231,80,3961.082251,17899.43247
станція РОСІЯ,станція ЛИМАН,КОНЦЕНТРАТ УГОЛЬНЫЙ,333,109,6549.895195,30280.0991
станція РОСІЯ,станція ЕНЕРГОДАР,КОНЦЕНТРАТ УГОЛЬНЫЙ,204,107,5533.568627,29826.01471
станція РОСІЯ,станція ТРИПІЛЛЯ-ДНІПРОВСЬКЕ,КОНЦЕНТРАТ УГОЛЬНЫЙ,324,118,13891.34877,49602.13364
станція РОСІЯ,станція СВІТЛОДАРСЬКЕ,КОНЦЕНТРАТ УГОЛЬНЫЙ,7390,85,6291.26728,26682.93694
станція РОСІЯ,станція ПОКРОВСЬК,КОНЦЕНТРАТ УГОЛЬНЫЙ,313,5,1187.13099,1511.603834
станція ЦУКУРИХА,станція ЕЛЕКТРИЧНА,ШЛАМ УГОЛЬНЫЙ,294,92,12193.73469,30444.64626
станція ЦУКУРИХА,станція ЕНЕРГОДАР,КОНЦЕНТРАТ УГОЛЬНЫЙ,364,73,7332.576923,30072.08791
станція ЦУКУРИХА,станція СВІТЛОДАРСЬКЕ,"УГОЛЬ КАМЕННЫЙ,НЕ ПОИМЕНОВАННЫЙ В АЛФАВИТЕ",460,27,2763.069565,11249.19565
станція ЦУКУРИХА,станція СВІТЛОДАРСЬКЕ,КОНЦЕНТРАТ УГОЛЬНЫЙ,8991,45,4326.763041,21807.56778
станція БЕРЕГОВА  (ЕКСП.),станція ЗЕЛЕНЕ ПОЛЕ,АНТРАЦИТ,1760,493,8110.351023,34265.9678
станція БЕРЕГОВА  (ЕКСП.),станція ЗАПОРІЖЖЯ-ЛІВЕ,"УГОЛЬ КАМЕННЫЙ,НЕ ПОИМЕНОВАННЫЙ В АЛФАВИТЕ",2278,369,15692.55465,51255.03011
станція БЕРЕГОВА  (ЕКСП.),станція ЗАПОРІЖЖЯ-КАМ’ЯНСЬКЕ,"УГОЛЬ КАМЕННЫЙ,НЕ ПОИМЕНОВАННЫЙ В АЛФАВИТЕ",1006,147,13057.41968,41036.25592
станція БЕРЕГОВА  (ЕКСП.),станція БУРШТИН,"УГОЛЬ КАМЕННЫЙ,НЕ ПОИМЕНОВАННЫЙ В АЛФАВИТЕ",221,246.5,18886.69005,64362.10113
станція БЕРЕГОВА  (ЕКСП.),станція ДАРНИЦЯ,АНТРАЦИТ,1298,375,10381.93297,52173.38521
станція БЕРЕГОВА  (ЕКСП.),станція ДАРНИЦЯ,УГОЛЬ КАМЕННЫЙ МАРКИ Т-ТОЩИЙ,1485,375,7455.779798,52160.97051
станція БЕРЕГОВА  (ЕКСП.),станція ЛИМАН,"УГОЛЬ КАМЕННЫЙ,НЕ ПОИМЕНОВАННЫЙ В АЛФАВИТЕ",870,409,10167.33563,56881.5269
станція БЕРЕГОВА  (ЕКСП.),станція ЛАДИЖИН,"УГОЛЬ КАМЕННЫЙ,НЕ ПОИМЕНОВАННЫЙ В АЛФАВИТЕ",516,426,7140.759884,29592.51105
станція БЕРЕГОВА  (ЕКСП.),станція ЧЕРНІГІВ,АНТРАЦИТ,1396,316,12672.44484,65811.17048
станція БЕРЕГОВА  (ЕКСП.),станція ЧЕРНІГІВ,УГОЛЬ КАМЕННЫЙ МАРКИ Т-ТОЩИЙ,1542,474,8603.368353,65798.60817
станція БЕРЕГОВА  (ЕКСП.),станція ІГРЕНЬ,АНТРАЦИТ,278,319,6988.992806,44073.75144
станція БЕРЕГОВА  (ЕКСП.),станція ЕНЕРГОДАР,"УГОЛЬ КАМЕННЫЙ,НЕ ПОИМЕНОВАННЫЙ В АЛФАВИТЕ",606,289,21658.44406,60351.71262
станція БЕРЕГОВА  (ЕКСП.),станція АВДІЇВКА,"УГОЛЬ КАМЕННЫЙ,НЕ ПОИМЕНОВАННЫЙ В АЛФАВИТЕ",3896,292,19506.64671,60958.42956
станція БЕРЕГОВА  (ЕКСП.),станція ТРИПІЛЛЯ-ДНІПРОВСЬКЕ,АНТРАЦИТ,557,328,6705.775583,45587.46571
станція БЕРЕГОВА  (ЕКСП.),станція ТРИПІЛЛЯ-ДНІПРОВСЬКЕ,"УГОЛЬ КАМЕННЫЙ,НЕ ПОИМЕНОВАННЫЙ В АЛФАВИТЕ",6296,328,9920.993281,45566.04549
станція БЕРЕГОВА  (ЕКСП.),станція САРТАНА,"УГОЛЬ КАМЕННЫЙ,НЕ ПОИМЕНОВАННЫЙ В АЛФАВИТЕ",719,256,22672.35869,71301.01008
станція БЕРЕГОВА  (ЕКСП.),станція СУМИ,УГОЛЬ КАМЕННЫЙ МАРКИ Т-ТОЩИЙ,361,316,9045.537396,65663.96842
станція БЕРЕГОВА  (ЕКСП.),станція ПРАВДА,"УГОЛЬ КАМЕННЫЙ,НЕ ПОИМЕНОВАННЫЙ В АЛФАВИТЕ",1774,310,13275.43269,43195.98848
станція БУЛАВИН,станція КРАМАТОРСЬК,АНТРАЦИТ,232,9,1949,6024.375
станція БУНКЕРНА,станція ЕЛЕКТРИЧНА,УГОЛЬ КАМЕННЫЙ МАРКИ Т-ТОЩИЙ,347,34,3015.230548,14277.33429
станція БУНКЕРНА,станція ЯМНИЦЯ,УГОЛЬ КАМЕННЫЙ МАРКИ Т-ТОЩИЙ,208,158,14109.125,109393.8558
станція БОГУСЛАВСЬКИЙ,станція РОДИНСЬКА,УГОЛЬ КАМЕННЫЙ МАРКИ Г-ГАЗОВЫЙ,525,53,5185.082095,7311.01181
станція БОГУСЛАВСЬКИЙ,станція РОЯ,УГОЛЬ КАМЕННЫЙ МАРКИ Г-ГАЗОВЫЙ,2562,72,4557.616276,9276.403298
станція БОГУСЛАВСЬКИЙ,станція БУРШТИН,УГОЛЬ КАМЕННЫЙ МАРКИ Г-ГАЗОВЫЙ,1598,417,23408.95707,86690.5423
станція БОГУСЛАВСЬКИЙ,станція ДОБРОПІЛЛЯ,УГОЛЬ КАМЕННЫЙ МАРКИ Г-ГАЗОВЫЙ,1168,63,5360.488613,8719.275514
станція БОГУСЛАВСЬКИЙ,станція ЛАДИЖИН,УГОЛЬ КАМЕННЫЙ МАРКИ Г-ГАЗОВЫЙ,707,338,12063.77864,43934.15791
станція БОГУСЛАВСЬКИЙ,станція НОВОГРОДІВКА,УГОЛЬ КАМЕННЫЙ МАРКИ Г-ГАЗОВЫЙ,403,56,4793.799007,7717.578164
станція БОГУСЛАВСЬКИЙ,станція КРИВИЙ ТОРЕЦЬ,УГОЛЬ КАМЕННЫЙ МАРКИ Г-ГАЗОВЫЙ,295,235,6406.987119,16122.22559
станція БОГУСЛАВСЬКИЙ,станція КУРАХІВКА,УГОЛЬ КАМЕННЫЙ МАРКИ Г-ГАЗОВЫЙ,2034,68,4973.575418,9476.624754
станція ВАЛЯНІВСЬКИЙ,станція ДОВЖАНСЬКА,АНТРАЦИТ,611,4,898.2684124,557.6563011
станція ВОСКРЕСЕНСЬКА,станція ЛИМАН,АНТРАЦИТ,693,62,4149.522367,19813.76453
станція ВОСКРЕСЕНСЬКА,станція ТРИПІЛЛЯ-ДНІПРОВСЬКЕ,АНТРАЦИТ,299,86,8151.508361,59264.96873
станція ГРОДІВКА,станція ЖАШКІВ,"УГОЛЬ КАМЕННЫЙ,НЕ ПОИМЕНОВАННЫЙ В АЛФАВИТЕ",225,97,21002.01778,64301.31556
станція ГРОДІВКА,станція ЦУКУРИХА,УГОЛЬ КАМЕННЫЙ МАРКИ Г-ГАЗОВЫЙ,688,11,1493.969477,3132.797965
станція ГРОДІВКА,станція БУРШТИН,КОНЦЕНТРАТ УГОЛЬНЫЙ,213,170,20011.05211,94484.07042
станція ГРОДІВКА,станція ЛАДИЖИН,КОНЦЕНТРАТ УГОЛЬНЫЙ,346,131,15668.11012,55004.24566
станція ДРОНОВЕ,станція ПЕЛАГІЇВСЬКИЙ,АНТРАЦИТ,289,2,833,278.8512111
станція ДАР’ЇВКА,станція ГОРОДНІЙ,АНТРАЦИТ,421,52,3148.014252,14507.67791
станція ДАР’ЇВКА,станція ФАЩІВКА,АНТРАЦИТ,736,40,1833.326087,5557.663043
станція ДАР’ЇВКА,станція ЧЕРНІГІВ,АНТРАЦИТ,721,64,9029.538141,60919.06019
станція ДАР’ЇВКА,станція ІМ. КОЖУШКО О.М.,АНТРАЦИТ,212,19,3357.75,17171.19434
станція ДАР’ЇВКА,станція ЕЛЕКТРИЧНА,АНТРАЦИТ,511,23,3201.150685,17723.07603
станція ДАР’ЇВКА,станція КРАМАТОРСЬК,АНТРАЦИТ,325,21,2911.036923,13398.71323
станція ДАР’ЇВКА,станція ПРАВДА,АНТРАЦИТ,273,23,5165.498168,33086.35897
станція ДОБРОПІЛЛЯ,станція РОЯ,УГОЛЬ КАМЕННЫЙ МАРКИ Г-ГАЗОВЫЙ,5076,26,3378.723444,5271.987027
станція ДОБРОПІЛЛЯ,станція РОСІЯ,УГОЛЬ КАМЕННЫЙ МАРКИ Г-ГАЗОВЫЙ,954,17,4248.453249,3464.104822
станція ДОБРОПІЛЛЯ,станція БУРШТИН,УГОЛЬ КАМЕННЫЙ МАРКИ Г-ГАЗОВЫЙ,11672,344,18408.11861,94513.35546
станція ДОБРОПІЛЛЯ,станція ДОБРОТВІР,УГОЛЬ КАМЕННЫЙ МАРКИ Г-ГАЗОВЫЙ,887,334,16433.1903,92425.64493
станція ДОБРОПІЛЛЯ,станція ДОБРОПІЛЛЯ,УГОЛЬ КАМЕННЫЙ МАРКИ Г-ГАЗОВЫЙ,1089,5,1605.538476,685.107438
станція ДОБРОПІЛЛЯ,станція ЛАДИЖИН,УГОЛЬ КАМЕННЫЙ МАРКИ Г-ГАЗОВЫЙ,1532,269,12323.46129,54800.75199
станція ДОБРОПІЛЛЯ,станція ІГРЕНЬ,УГОЛЬ КАМЕННЫЙ МАРКИ Г-ГАЗОВЫЙ,707,217,6320.049222,14890.92673
станція ДОБРОПІЛЛЯ,станція ЕНЕРГОДАР,УГОЛЬ КАМЕННЫЙ МАРКИ Г-ГАЗОВЫЙ,1747,114,7401.916714,30677.19436
станція ДОБРОПІЛЛЯ,станція АВДІЇВКА,УГОЛЬ КАМЕННЫЙ МАРКИ Г-ГАЗОВЫЙ,499,41,2134.717435,5573.132465
станція ДОБРОПІЛЛЯ,станція ЯМНИЦЯ,УГОЛЬ КАМЕННЫЙ МАРКИ Г-ГАЗОВЫЙ,1462,235,18273.7593,95629.96963
станція ДОБРОПІЛЛЯ,станція ЯСИНУВАТА,УГОЛЬ КАМЕННЫЙ МАРКИ Г-ГАЗОВЫЙ,291,21.5,2097.312715,6616.412371
станція ДОБРОПІЛЛЯ,станція НОВОГРОДІВКА,УГОЛЬ КАМЕННЫЙ МАРКИ Г-ГАЗОВЫЙ,760,15,3455.416579,3153.838684
станція ДОБРОПІЛЛЯ,станція КРИВИЙ ТОРЕЦЬ,УГОЛЬ КАМЕННЫЙ МАРКИ Г-ГАЗОВЫЙ,501,100,6681.09521,28069.1515
станція ДОБРОПІЛЛЯ,станція КУРАХІВКА,УГОЛЬ КАМЕННЫЙ МАРКИ Г-ГАЗОВЫЙ,1183,17,2627.030347,4846.00727
станція ДОБРОПІЛЛЯ,станція СВІТЛОДАРСЬКЕ,УГОЛЬ КАМЕННЫЙ МАРКИ Г-ГАЗОВЫЙ,705,103,5331.712057,27574.37681
станція ДОБРОПІЛЛЯ,станція САРТАНА,КОНЦЕНТРАТ УГОЛЬНЫЙ,695,66,5003.506475,27027.90281
станція ДОБРОПІЛЛЯ,станція ПОКРОВСЬК,УГОЛЬ КАМЕННЫЙ МАРКИ Г-ГАЗОВЫЙ,1365,10,3552.779048,2037.147253
станція ДОВЖАНСЬКА,станція ГОРОДНІЙ,АНТРАЦИТ,320,44,3172.39375,15259.725
станція ДОВЖАНСЬКА,станція ЛИМАН,АНТРАЦИТ,265,33,4098.426415,23937.42642
станція ЛЕГЕНДАРНА,станція ЛАДИЖИН,КОНЦЕНТРАТ УГОЛЬНЫЙ,2376,137,12705.14226,42460.67214
станція ЛИМАН,станція КРИВИЙ РІГ-ГОЛОВНИЙ,УГОЛЬ КАМЕННЫЙ МАРКИ К-КОКСОВЫЙ,384,136,6277.096354,36733.70964
станція ЛИМАН,станція ТРИПІЛЛЯ-ДНІПРОВСЬКЕ,УГОЛЬ КАМЕННЫЙ МАРКИ Т-ТОЩИЙ,723,323,7324.384509,44865.82573
станція ЛОБІВСЬКІ КОПАЛЬНІ,станція ФАЩІВКА,АНТРАЦИТ,345,28,1542.565217,3904.904348
станція ФАЩІВКА,станція ЛИМАН,АНТРАЦИТ,208,54,3348.480769,18918.375
станція ЧУМАКОВЕ,станція ЛИМАН,УГОЛЬ КАМЕННЫЙ МАРКИ Т-ТОЩИЙ,283,57,3658,19702.3682
станція ЧУМАКОВЕ,станція КОМУНАРСЬК,"УГОЛЬ КАМЕННЫЙ,НЕ ПОИМЕНОВАННЫЙ В АЛФАВИТЕ",230,18,2702.330435,8528.200435
станція ЧОРНОМОРСЬК-ПОРТ-ЕКСПОРТ,станція ЛАДИЖИН,"УГОЛЬ КАМЕННЫЙ,НЕ ПОИМЕНОВАННЫЙ В АЛФАВИТЕ",526,77,6731.487262,27005.31635
станція ЧОРНОМОРСЬК-ПОРТ-ЕКСПОРТ,станція АВДІЇВКА,"УГОЛЬ КАМЕННЫЙ,НЕ ПОИМЕНОВАННЫЙ В АЛФАВИТЕ",305,156,21655.69344,64988.16951
станція ЧОРНОМОРСЬКА ( ЕКСП. ДЛЯ ТІС ),станція ЗАПОРІЖЖЯ-ЛІВЕ,УГОЛЬ КАМЕННЫЙ МАРКИ СС-СЛАБОСПЕКАЮЩИЙСЯ,800,730,18057.8,50903.12813
станція ЧОРНОМОРСЬКА ( ЕКСП. ДЛЯ ТІС ),станція ЗАПОРІЖЖЯ-ЛІВЕ,"УГОЛЬ КАМЕННЫЙ,НЕ ПОИМЕНОВАННЫЙ В АЛФАВИТЕ",2452,730,13412.15147,50742.10351
станція ЧОРНОМОРСЬКА ( ЕКСП. ДЛЯ ТІС ),станція ЗАПОРІЖЖЯ-КАМ’ЯНСЬКЕ,"УГОЛЬ КАМЕННЫЙ,НЕ ПОИМЕНОВАННЫЙ В АЛФАВИТЕ",300,194,12891.5,40517.385
станція ЧОРНОМОРСЬКА ( ЕКСП. ДЛЯ ТІС ),станція АВДІЇВКА,"УГОЛЬ КАМЕННЫЙ,НЕ ПОИМЕНОВАННЫЙ В АЛФАВИТЕ",1876,897,17494.54861,62341.26093
станція ЧОРНОМОРСЬКА ( ЕКСП. ДЛЯ ТІС ),станція КРИВИЙ РІГ-ГОЛОВНИЙ,УГОЛЬ КАМЕННЫЙ МАРКИ К-КОКСОВЫЙ,813,108,7247.212915,29589.50258
станція ЧОРНОМОРСЬКА ( ЕКСП. ДЛЯ ТІС ),станція КОМУНАРСЬК,"УГОЛЬ КАМЕННЫЙ,НЕ ПОИМЕНОВАННЫЙ В АЛФАВИТЕ",596,164,8504.481544,66289.35438
станція ЧОРНОМОРСЬКА ( ЕКСП. ДЛЯ ТІС ),станція МАРІУПОЛЬ-СОРТУВАЛЬНИЙ,УГОЛЬ КАМЕННЫЙ МАРКИ СС-СЛАБОСПЕКАЮЩИЙСЯ,400,505,22673.2715,70298.24213
станція ЧОРНОМОРСЬКА ( ЕКСП. ДЛЯ ТІС ),станція ТРИПІЛЛЯ-ДНІПРОВСЬКЕ,АНТРАЦИТ,428,324,6422.471963,43618.1215
станція ЧОРНОМОРСЬКА ( ЕКСП. ДЛЯ ТІС ),станція ТРИПІЛЛЯ-ДНІПРОВСЬКЕ,"УГОЛЬ КАМЕННЫЙ,НЕ ПОИМЕНОВАННЫЙ В АЛФАВИТЕ",402,118.5,16067.81791,44837.00597
станція ЧОРНОМОРСЬКА ( ЕКСП. ДЛЯ ТІС ),станція САРТАНА,"УГОЛЬ КАМЕННЫЙ,НЕ ПОИМЕНОВАННЫЙ В АЛФАВИТЕ",806,508,21324.02407,70697.08306
станція ЧОРНОМОРСЬКА ( ЕКСП. ДЛЯ ТІС ),станція ПРАВДА,"УГОЛЬ КАМЕННЫЙ,НЕ ПОИМЕНОВАННЫЙ В АЛФАВИТЕ",813,255,11792.34047,42396.94237
станція ЧОРНОМОРСЬКА (ДЛЯ ТІС),станція УДАЧНА,КОНЦЕНТРАТ УГОЛЬНЫЙ,256,400,8895.6875,54134.92793
станція ЧОП (ЕКСП. ЖСР),станція КРИВИЙ РІГ-ГОЛОВНИЙ,КОНЦЕНТРАТ УГОЛЬНЫЙ,313,251,14628.19105,70336
станція ІЗВАРИНЕ,станція ЧЕРНІГІВ,УГОЛЬ КАМЕННЫЙ МАРКИ Т-ТОЩИЙ,325,86,8561,65903.50154
станція ІЗЮМ,станція ЗЕЛЕНЕ ПОЛЕ,АНТРАЦИТ,373,84,11607.84316,35244.01971
станція ІЗЮМ,станція ЧУГУЇВ,АНТРАЦИТ,794,84,7057.267003,11618.70227
станція ІЗЮМ,станція АСЛАНОВЕ,АНТРАЦИТ,275,109,17473.91527,45056.76858
станція ІЗОВ (ЕКСП. ПКП),станція ЗАПОРІЖЖЯ-КАМ’ЯНСЬКЕ,УГОЛЬ КАМЕННЫЙ МАРКИ К-КОКСОВЫЙ,381,346,11786.20735,66761.17585
станція ІЗОВ (ЕКСП. ПКП),станція ЗАПОРІЖЖЯ-КАМ’ЯНСЬКЕ,КОНЦЕНТРАТ УГОЛЬНЫЙ,890,346,11039.44382,66158.66517
станція ІЗОВ (ЕКСП. ПКП),станція ДІЇВКА,КОНЦЕНТРАТ УГОЛЬНЫЙ,1304,265,11560.01534,68041.81482
станція ІЗОВ (ЕКСП. ПКП),станція ДОБРОТВІР,"УГОЛЬ КАМЕННЫЙ,НЕ ПОИМЕНОВАННЫЙ В АЛФАВИТЕ",507,39,2786.051282,7971.321795
станція ІЗОВ (ЕКСП. ПКП),станція КАЛУШ,УГОЛЬ КАМЕННЫЙ МАРКИ Г-ГАЗОВЫЙ,511,65,9469.682975,21739.72446
станція ІВАНИЧІ,станція ДОБРОТВІР,"УГОЛЬ КАМЕННЫЙ,НЕ ПОИМЕНОВАННЫЙ В АЛФАВИТЕ",640,29,1718.317188,4104.971094
станція ІВАНИЧІ,станція КАЛУШ,"УГОЛЬ КАМЕННЫЙ,НЕ ПОИМЕНОВАННЫЙ В АЛФАВИТЕ",208,53,5129.013462,18649.83654
станція ІВАНИЧІ,станція СОСНІВКА,"УГОЛЬ КАМЕННЫЙ,НЕ ПОИМЕНОВАННЫЙ В АЛФАВИТЕ",1067,23,3273.457732,3200.276476
станція ХАНЖЕНКОВЕ,станція ГОРЛІВКА,"УГОЛЬ КАМЕННЫЙ,НЕ ПОИМЕНОВАННЫЙ В АЛФАВИТЕ",356,16,1196.946629,2105.438202
станція ХАНЖЕНКОВЕ,станція МАКІЇВКА,УГОЛЬ КАМЕННЫЙ МАРКИ К-КОКСОВЫЙ,403,18,1502,3817.245658
станція ХАНЖЕНКОВЕ,станція МАКІЇВКА,УГОЛЬ КАМЕННЫЙ МАРКИ ОС-ОТОЩЕННЫЙ СПЕКАЮЩИЙСЯ,257,18,1499.929961,3770.51751
станція АРОМАТНА,станція РОДИНСЬКА,УГОЛЬ КАМЕННЫЙ МАРКИ Г-ГАЗОВЫЙ,621,66,4479.415459,9152.970048
станція АРОМАТНА,станція РОЯ,УГОЛЬ КАМЕННЫЙ МАРКИ Г-ГАЗОВЫЙ,1039,86,4515.434071,11827.73975
станція АРОМАТНА,станція РОСІЯ,УГОЛЬ КАМЕННЫЙ МАРКИ Г-ГАЗОВЫЙ,361,72,5532.055402,10047.99792
станція АРОМАТНА,станція БУРШТИН,УГОЛЬ КАМЕННЫЙ МАРКИ Г-ГАЗОВЫЙ,7497,414,18560.02652,84198.25918
станція АРОМАТНА,станція ДОБРОТВІР,УГОЛЬ КАМЕННЫЙ МАРКИ Г-ГАЗОВЫЙ,4539,400,19544.40029,76893.48123
станція АРОМАТНА,станція ДОБРОПІЛЛЯ,УГОЛЬ КАМЕННЫЙ МАРКИ Г-ГАЗОВЫЙ,949,76,5393.119916,10588.3255
станція АРОМАТНА,станція ЛАДИЖИН,УГОЛЬ КАМЕННЫЙ МАРКИ Г-ГАЗОВЫЙ,7167,333,10893.3957,41589.61842
станція АРОМАТНА,станція ЧЕРКАСИ,УГОЛЬ КАМЕННЫЙ МАРКИ Г-ГАЗОВЫЙ,559,439,10023.0068,29720.45707
станція АРОМАТНА,станція ЕНЕРГОДАР,УГОЛЬ КАМЕННЫЙ МАРКИ Г-ГАЗОВЫЙ,2165,106,6696.597275,21716.74878
станція АРОМАТНА,станція КРИВИЙ ТОРЕЦЬ,УГОЛЬ КАМЕННЫЙ МАРКИ Г-ГАЗОВЫЙ,840,226,3679.264286,15324.93893
станція АРОМАТНА,станція КУРАХІВКА,УГОЛЬ КАМЕННЫЙ МАРКИ Г-ГАЗОВЫЙ,2899,82,4593.179855,11317.17668
станція АРОМАТНА,станція МОСПИНЕ,УГОЛЬ КАМЕННЫЙ МАРКИ Г-ГАЗОВЫЙ,584,103,3525.479452,21029.82962
станція АРОМАТНА,станція СВІТЛОДАРСЬКЕ,УГОЛЬ КАМЕННЫЙ МАРКИ Г-ГАЗОВЫЙ,2220,85,4370.813423,17335.11824
станція АРОМАТНА,станція СОРОЧЕ,УГОЛЬ КАМЕННЫЙ МАРКИ Г-ГАЗОВЫЙ,667,64,3153.451274,18078.42204
станція АНТРАЦИТ,станція ЕЛЕКТРИЧНА,АНТРАЦИТ,276,39,3406.083333,13727.75232
станція ЯНІВСЬКИЙ (РЗД),станція ЕЛЕКТРИЧНА,АНТРАЦИТ,664,35,3285.671687,12886.84157
станція УДАЧНА,станція ЗАПОРІЖЖЯ-ЛІВЕ,КОНЦЕНТРАТ УГОЛЬНЫЙ,949,94,4807.634141,19192.48446
станція УДАЧНА,станція ХАНЖЕНКОВЕ,КОНЦЕНТРАТ УГОЛЬНЫЙ,731,201,5618.559508,35569.74569
станція УДАЧНА,станція АВДІЇВКА,КОНЦЕНТРАТ УГОЛЬНЫЙ,3706,34,1963.917161,4577.398165
станція УДАЧНА,станція УЖГОРОД (ЕКСП. ЖСР),КОНЦЕНТРАТ УГОЛЬНЫЙ,4797,255,15430.10277,104375.0256
станція УДАЧНА,станція КРИВИЙ РІГ-ГОЛОВНИЙ,КОНЦЕНТРАТ УГОЛЬНЫЙ,3268,118,4725.754896,24087.45609
станція УДАЧНА,станція КРИНИЧНА,КОНЦЕНТРАТ УГОЛЬНЫЙ,1486,124,5651.233513,34409.58627
станція УДАЧНА,станція САРТАНА,КОНЦЕНТРАТ УГОЛЬНЫЙ,2681,87,4493.198881,23660.88251
станція УДАЧНА,станція ПРАВДА,КОНЦЕНТРАТ УГОЛЬНЫЙ,395,74,3739.652911,14944.19696
станція НІМЧИНЕ,станція НОВИЙ СВІТ,УГОЛЬ КАМЕННЫЙ МАРКИ Т-ТОЩИЙ,909,17,1303.185919,2206.681166
станція НИЖНЬОКРИНКА,станція ЛИМАН,УГОЛЬ КАМЕННЫЙ МАРКИ Т-ТОЩИЙ,1388,90,3494,18866.12968
станція НИЖНЬОКРИНКА,станція ЧУГУЇВ,УГОЛЬ КАМЕННЫЙ МАРКИ Т-ТОЩИЙ,755,108,4272.931126,22714.63046
станція НИЖНЬОКРИНКА,станція ЕЛЕКТРИЧНА,УГОЛЬ КАМЕННЫЙ МАРКИ Т-ТОЩИЙ,6887,59,2791.799477,9976.225788
станція НИЖНЬОКРИНКА,станція НОВИЙ СВІТ,УГОЛЬ КАМЕННЫЙ МАРКИ Т-ТОЩИЙ,3501,42,1961.378178,5919.352899
станція НИЖНЬОКРИНКА,станція ТРИПІЛЛЯ-ДНІПРОВСЬКЕ,УГОЛЬ КАМЕННЫЙ МАРКИ Т-ТОЩИЙ,6893,159,7947.419701,55635.34484
станція НОВОГРОДІВКА,станція ЗАСІЛЛЯ,"УГОЛЬ КАМЕННЫЙ,НЕ ПОИМЕНОВАННЫЙ В АЛФАВИТЕ",244,112,6413.442623,32800.31512
станція НОВОГРОДІВКА,станція ЦУКУРИХА,УГОЛЬ КАМЕННЫЙ МАРКИ Г-ГАЗОВЫЙ,5444,12,1504.057458,3409.100294
станція НОВОГРОДІВКА,станція БУРШТИН,"УГОЛЬ КАМЕННЫЙ,НЕ ПОИМЕНОВАННЫЙ В АЛФАВИТЕ",393,273,16122.56132,91196.86565
станція НОВОГРОДІВКА,станція ВОЛОЧИСЬК,"УГОЛЬ КАМЕННЫЙ,НЕ ПОИМЕНОВАННЫЙ В АЛФАВИТЕ",226,112,22213.11903,76524.12345
станція НОВОГРОДІВКА,станція ГОРЛІВКА,КОНЦЕНТРАТ УГОЛЬНЫЙ,699,19,3166.02432,13454.41024
станція НОВОГРОДІВКА,станція ЧЕРКАСИ,"УГОЛЬ КАМЕННЫЙ,НЕ ПОИМЕНОВАННЫЙ В АЛФАВИТЕ",729,141,5687.971879,37714.44753
станція НОВОГРОДІВКА,станція ЕЛЕКТРИЧНА,УГОЛЬ КАМЕННЫЙ МАРКИ Г-ГАЗОВЫЙ,341,88,13833.80147,30265.79897
станція НОВОГРОДІВКА,станція ЕЛЕКТРИЧНА,"УГОЛЬ КАМЕННЫЙ,НЕ ПОИМЕНОВАННЫЙ В АЛФАВИТЕ",409,88,12652.89218,30170.17381
станція НОВОГРОДІВКА,станція ХМЕЛЬНИЦЬКИЙ,"УГОЛЬ КАМЕННЫЙ,НЕ ПОИМЕНОВАННЫЙ В АЛФАВИТЕ",249,124.5,18652.50402,72287.10442
станція НОВОГРОДІВКА,станція НІКЕЛЬ-ПОБУЗЬКИЙ,"УГОЛЬ КАМЕННЫЙ,НЕ ПОИМЕНОВАННЫЙ В АЛФАВИТЕ",425,110,7021.597647,43313.91468
станція НОВОГРОДІВКА,станція КНЯЖЕВЕ,"УГОЛЬ КАМЕННЫЙ,НЕ ПОИМЕНОВАННЫЙ В АЛФАВИТЕ",255,74,17618.61216,52365.7851
станція НОВОГРОДІВКА,станція СВІТЛОДАРСЬКЕ,"УГОЛЬ КАМЕННЫЙ,НЕ ПОИМЕНОВАННЫЙ В АЛФАВИТЕ",3758,41,4100.141006,15779.56278
станція НОВОГРОДІВКА,станція СКВИРА,"УГОЛЬ КАМЕННЫЙ,НЕ ПОИМЕНОВАННЫЙ В АЛФАВИТЕ",217,90,15815.43641,51937.08387
станція НОВОГРОДІВКА,станція ПОКРОВСЬК,УГОЛЬ КАМЕННЫЙ МАРКИ Г-ГАЗОВЫЙ,2219,4,959.3650293,1118.087787
станція НОВОГРОДІВКА,станція ПОКРОВСЬК,"УГОЛЬ КАМЕННЫЙ,НЕ ПОИМЕНОВАННЫЙ В АЛФАВИТЕ",373,5,1187.557105,1038.455335
станція НОВОДРУЖІВСЬКА,станція ЦУКУРИХА,"УГОЛЬ КАМЕННЫЙ,НЕ ПОИМЕНОВАННЫЙ В АЛФАВИТЕ",630,53,4459.854762,18809.91222
станція НОВОДРУЖІВСЬКА,станція НОВОГРОДІВКА,"УГОЛЬ КАМЕННЫЙ,НЕ ПОИМЕНОВАННЫЙ В АЛФАВИТЕ",268,42,3848.971642,17826.21418
станція НОВОДРУЖІВСЬКА,станція КРИВИЙ ТОРЕЦЬ,"УГОЛЬ КАМЕННЫЙ,НЕ ПОИМЕНОВАННЫЙ В АЛФАВИТЕ",209,33,3096.655502,12424.16268
станція НОВОДРУЖІВСЬКА,станція ПОКРОВСЬК,"УГОЛЬ КАМЕННЫЙ,НЕ ПОИМЕНОВАННЫЙ В АЛФАВИТЕ",909,102,8671.755226,32638.91518
станція КРЕМІННЕ,станція ЕЛЕКТРИЧНА,"УГОЛЬ КАМЕННЫЙ,НЕ ПОИМЕНОВАННЫЙ В АЛФАВИТЕ",458,42,7663.509607,11724.90266
станція КРИВИЙ ТОРЕЦЬ,станція ЗАСІЛЛЯ,"УГОЛЬ КАМЕННЫЙ,НЕ ПОИМЕНОВАННЫЙ В АЛФАВИТЕ",226,117,6957.747788,38196.84823
станція КРИВИЙ ТОРЕЦЬ,станція БУРШТИН,"УГОЛЬ КАМЕННЫЙ,НЕ ПОИМЕНОВАННЫЙ В АЛФАВИТЕ",1734,290,14850.88005,94769.6895
станція КРИВИЙ ТОРЕЦЬ,станція ГОРЛІВКА,УГОЛЬ КАМЕННЫЙ МАРКИ Г-ГАЗОВЫЙ,323,12,1542.01548,3180.653715
станція КРИВИЙ ТОРЕЦЬ,станція ІГРЕНЬ,"УГОЛЬ КАМЕННЫЙ,НЕ ПОИМЕНОВАННЫЙ В АЛФАВИТЕ",283,75,9778.55159,20796.27491
станція КРИВИЙ ТОРЕЦЬ,станція АВДІЇВКА,УГОЛЬ КАМЕННЫЙ МАРКИ Ж-ЖИРНЫЙ,3173,104,6625.435771,24890.71509
станція КРИВИЙ ТОРЕЦЬ,станція ЯМНИЦЯ,УГОЛЬ КАМЕННЫЙ МАРКИ Ж-ЖИРНЫЙ,525,165,26224.10686,91965.34286
станція КРИВИЙ ТОРЕЦЬ,станція НІКЕЛЬ-ПОБУЗЬКИЙ,"УГОЛЬ КАМЕННЫЙ,НЕ ПОИМЕНОВАННЫЙ В АЛФАВИТЕ",358,124,10030.32402,50379.26257
станція КРИВИЙ ТОРЕЦЬ,станція КНЯЖЕВЕ,"УГОЛЬ КАМЕННЫЙ,НЕ ПОИМЕНОВАННЫЙ В АЛФАВИТЕ",252,85.5,15807.18294,59804.21627
станція КРИВИЙ ТОРЕЦЬ,станція СВІТЛОДАРСЬКЕ,"УГОЛЬ КАМЕННЫЙ,НЕ ПОИМЕНОВАННЫЙ В АЛФАВИТЕ",795,21,4672.962264,4347.342893
станція КРИВИЙ ТОРЕЦЬ,станція ПОКРОВСЬК,УГОЛЬ КАМЕННЫЙ МАРКИ Ж-ЖИРНЫЙ,2746,67,5326.601129,19980.83829
станція КРАМАТОРСЬК,станція ІЗОВ (ЕКСП. ПКП),АНТРАЦИТ,238,236,12900.96218,97474.6437
станція КРАСНИЙ ЛУЧ,станція ЛИМАН,АНТРАЦИТ,227,26,4210.193833,20782.22467
станція КРАСНИЙ ЛУЧ,станція ЕЛЕКТРИЧНА,АНТРАЦИТ,539,12.5,3220.497217,13437.70597
станція КИПУЧА,станція ДАРНИЦЯ,АНТРАЦИТ,260,142,8545.546154,56737.55662
станція КИПУЧА,станція ЧЕРНІГІВ,АНТРАЦИТ,598,103,8408.478261,53840.60418
станція КИПУЧА,станція ЕЛЕКТРИЧНА,АНТРАЦИТ,2192,36,2909.706661,10536.74428
станція КИПУЧА,станція КРАМАТОРСЬК,АНТРАЦИТ,321,29,2580.11838,7969.030374
станція КИПУЧА,станція ПРАВДА,АНТРАЦИТ,400,50,4880.695,27383.44
станція КАРАХАШ,станція ЛИМАН,АНТРАЦИТ,515,13.5,3655.790291,16799.35437
станція КАРАХАШ,станція ЕЛЕКТРИЧНА,АНТРАЦИТ,723,15,3180.573997,16017.70263
станція КАРАХАШ,станція КРАМАТОРСЬК,АНТРАЦИТ,222,11.5,2955.369369,11596.05874
станція КАРАХАШ,станція ТРИПІЛЛЯ-ДНІПРОВСЬКЕ,АНТРАЦИТ,1667,90,9771.131974,62842.70055
станція КАЛЬМІУС,станція АВДІЇВКА,УГОЛЬ КАМЕННЫЙ МАРКИ К-КОКСОВЫЙ,3406,5,1275.465062,3227.939225
станція КАЛЬМІУС,станція МАКІЇВКА,УГОЛЬ КАМЕННЫЙ МАРКИ Ж-ЖИРНЫЙ,236,20,1502,4161.101695
станція КАЛЬМІУС,станція МАКІЇВКА,УГОЛЬ КАМЕННЫЙ МАРКИ К-КОКСОВЫЙ,1253,20,1571.869912,4175.147646
станція КУРАХІВКА,станція РОСІЯ,"УГОЛЬ КАМЕННЫЙ,НЕ ПОИМЕНОВАННЫЙ В АЛФАВИТЕ",1189,31,2279.883936,4368.512195
станція КУРАХІВКА,станція ЦУКУРИХА,"УГОЛЬ КАМЕННЫЙ,НЕ ПОИМЕНОВАННЫЙ В АЛФАВИТЕ",1298,4,914.4622496,556.0246533
станція КУРАХІВКА,станція БУРШТИН,УГОЛЬ КАМЕННЫЙ МАРКИ Г-ГАЗОВЫЙ,2518,347,23912.15385,96232.85207
станція КУРАХІВКА,станція ДОБРОТВІР,УГОЛЬ КАМЕННЫЙ МАРКИ Г-ГАЗОВЫЙ,282,337,12020.43262,91652.07447
станція КУРАХІВКА,станція ЛАДИЖИН,УГОЛЬ КАМЕННЫЙ МАРКИ Г-ГАЗОВЫЙ,481,272,12837.60333,56259.8632
станція КУРАХІВКА,станція ЕНЕРГОДАР,УГОЛЬ КАМЕННЫЙ МАРКИ Г-ГАЗОВЫЙ,1481,93,8577.994733,31775.53201
станція КУРАХІВКА,станція СВІТЛОДАРСЬКЕ,УГОЛЬ КАМЕННЫЙ МАРКИ Г-ГАЗОВЫЙ,520,72,4641.163462,23707.28654
станція КУРАХІВКА,станція ПЛАСТИ,"УГОЛЬ КАМЕННЫЙ,НЕ ПОИМЕНОВАННЫЙ В АЛФАВИТЕ",287,34,3095.010453,4718.299652
станція КУРАХІВКА,станція ПОКРОВСЬК,"УГОЛЬ КАМЕННЫЙ,НЕ ПОИМЕНОВАННЫЙ В АЛФАВИТЕ",215,20,4095.411628,2856.84186
станція КУМШАЦЬКИЙ,станція ЗЕЛЕНЕ ПОЛЕ,УГОЛЬ КАМЕННЫЙ МАРКИ Т-ТОЩИЙ,467,128,5082.453961,35661.82013
станція МИКОЛАЇВКА-ДОНЕЦЬКА,станція ЗЕЛЕНЕ ПОЛЕ,УГОЛЬ КАМЕННЫЙ МАРКИ Г-ГАЗОВЫЙ,280,77,7666.928571,21267.47679
станція МИКОЛАЇВКА-ДОНЕЦЬКА,станція РОДИНСЬКА,УГОЛЬ КАМЕННЫЙ МАРКИ Г-ГАЗОВЫЙ,1783,39,2695.751767,5361.778183
станція МИКОЛАЇВКА-ДОНЕЦЬКА,станція РОЯ,УГОЛЬ КАМЕННЫЙ МАРКИ Г-ГАЗОВЫЙ,6810,58,3507.447812,7653.123987
станція МИКОЛАЇВКА-ДОНЕЦЬКА,станція РОТИ,УГОЛЬ КАМЕННЫЙ МАРКИ Г-ГАЗОВЫЙ,316,83,5921.189873,22284.17674
станція МИКОЛАЇВКА-ДОНЕЦЬКА,станція БУРШТИН,УГОЛЬ КАМЕННЫЙ МАРКИ Г-ГАЗОВЫЙ,5266,426,13985.0564,87907.42359
станція МИКОЛАЇВКА-ДОНЕЦЬКА,станція ДОБРОТВІР,УГОЛЬ КАМЕННЫЙ МАРКИ Г-ГАЗОВЫЙ,313,413,10973.34185,84649.23211
станція МИКОЛАЇВКА-ДОНЕЦЬКА,станція ДОБРОПІЛЛЯ,УГОЛЬ КАМЕННЫЙ МАРКИ Г-ГАЗОВЫЙ,3624,49,3095.176766,6748.304608
станція МИКОЛАЇВКА-ДОНЕЦЬКА,станція ЛАДИЖИН,УГОЛЬ КАМЕННЫЙ МАРКИ Г-ГАЗОВЫЙ,2022,352,9949.488131,47355.38516
станція МИКОЛАЇВКА-ДОНЕЦЬКА,станція ЕНЕРГОДАР,УГОЛЬ КАМЕННЫЙ МАРКИ Г-ГАЗОВЫЙ,1144,118,5785.717045,24428.08064
станція МИКОЛАЇВКА-ДОНЕЦЬКА,станція КУРАХІВКА,УГОЛЬ КАМЕННЫЙ МАРКИ Г-ГАЗОВЫЙ,1811,54,3090.858145,7501.715848
станція МАНДРИКИНЕ,станція ЧУМАКОВЕ,"УГОЛЬ КАМЕННЫЙ,НЕ ПОИМЕНОВАННЫЙ В АЛФАВИТЕ",601,17,1497.620632,3465.87005
станція МАКІЇВКА,станція ЄНАКІЄВЕ,"УГОЛЬ КАМЕННЫЙ,НЕ ПОИМЕНОВАННЫЙ В АЛФАВИТЕ",200,16,1960.825,5558.7
станція МАКІЇВКА,станція ЄНАКІЄВЕ,КОНЦЕНТРАТ УГОЛЬНЫЙ,632,9,1986.593354,5661.469747
станція МАКІЇВКА,станція ЧУМАКОВЕ,УГОЛЬ КАМЕННЫЙ МАРКИ Т-ТОЩИЙ,346,23,1352.300578,3196.734104
станція МАКІЇВКА,станція ЕЛЕКТРИЧНА,АНТРАЦИТ,1409,28.5,3225.980837,12769.70845
станція МАКІЇВКА,станція НОВИЙ СВІТ,УГОЛЬ КАМЕННЫЙ МАРКИ Т-ТОЩИЙ,2247,18,1304.803738,2541.160659
станція МАКІЇВКА,станція КРИНИЧНА,"УГОЛЬ КАМЕННЫЙ,НЕ ПОИМЕНОВАННЫЙ В АЛФАВИТЕ",1442,15,1797.603329,4023.398405
станція МАКІЇВКА,станція КОМУНАРСЬК,"УГОЛЬ КАМЕННЫЙ,НЕ ПОИМЕНОВАННЫЙ В АЛФАВИТЕ",2199,21,2909.450205,9882.595498
станція МАКІЇВКА,станція МУШКЕТОВЕ,КОНЦЕНТРАТ УГОЛЬНЫЙ,270,10,1405.662963,3163.863704
станція МОСТИСЬКА II (ЕКСП. ПКП),станція БАТУРИНСЬКА,УГОЛЬ КАМЕННЫЙ СИЛЕЗСКИЙ (ПОЛЬСКИЙ),2400,269,13283.58967,62856.80408
станція МОСТИСЬКА II (ЕКСП. ПКП),станція ЯМНИЦЯ,УГОЛЬ КАМЕННЫЙ СИЛЕЗСКИЙ (ПОЛЬСКИЙ),1301,55,6357.196387,12938.76918
станція МОСТИСЬКА II (ЕКСП. ПКП),станція НАРКЕВИЧІ,УГОЛЬ КАМЕННЫЙ СИЛЕЗСКИЙ (ПОЛЬСКИЙ),525,71,4336.853333,18322.16057
станція МОСТИСЬКА II (ЕКСП. ПКП),станція КРИВИЙ РІГ-ГОЛОВНИЙ,КОНЦЕНТРАТ УГОЛЬНЫЙ,228,266,10630.08333,62401.71667
станція МОСТИСЬКА II (ЕКСП. ПКП),станція СТАРОКОСТЯНТИНІВ II,УГОЛЬ КАМЕННЫЙ СИЛЕЗСКИЙ (ПОЛЬСКИЙ),327,80,5939.859021,23301.90459
станція МОСПИНЕ,станція СОРОЧЕ,УГОЛЬ КАМЕННЫЙ МАРКИ Г-ГАЗОВЫЙ,214,16.5,1286.35514,2843.17757
станція СВІТЛАНОВЕ,станція НОВОГРОДІВКА,"УГОЛЬ КАМЕННЫЙ,НЕ ПОИМЕНОВАННЫЙ В АЛФАВИТЕ",323,61,7175.15356,33550.51579
станція СВІТЛАНОВЕ,станція СВІТЛОДАРСЬКЕ,"УГОЛЬ КАМЕННЫЙ,НЕ ПОИМЕНОВАННЫЙ В АЛФАВИТЕ",2200,25,2188.8095,3506.955886
станція СВІТЛАНОВЕ,станція ПОКРОВСЬК,"УГОЛЬ КАМЕННЫЙ,НЕ ПОИМЕНОВАННЫЙ В АЛФАВИТЕ",3853,79,5688.025564,23970.45959
станція СЛОВ’ЯНОСЕРБСЬК,станція ЕЛЕКТРИЧНА,УГОЛЬ КАМЕННЫЙ МАРКИ Т-ТОЩИЙ,351,40,3016.85755,12727.62393
станція СЕНТЯНІВКА,станція ЛИМАН,УГОЛЬ КАМЕННЫЙ МАРКИ Т-ТОЩИЙ,758,41,4352.849604,20459.6942
станція СЕНТЯНІВКА,станція КОМУНАРСЬК,КОНЦЕНТРАТ УГОЛЬНЫЙ,1154,15,1480.994801,3221.945711
станція ТОРЕЗ,станція ЛИМАН,АНТРАЦИТ,873,56,3662.90378,17245.02715
станція ТОРЕЗ,станція ЧУГУЇВ,АНТРАЦИТ,556,50,4559.055755,24604.52806
станція ТОРЕЗ,станція НІКЕЛЬ-ПОБУЗЬКИЙ,АНТРАЦИТ,429,84,7702.358974,55317.40793
станція ТОРЕЗ,станція НОВИЙ СВІТ,АНТРАЦИТ,405,19,1800,5433.364444
станція ТОРЕЗ,станція КРАМАТОРСЬК,АНТРАЦИТ,760,19,2549.246053,9600.934842
станція СОФІНО-БРІДСЬКА,станція ЛИМАН,АНТРАЦИТ,848,59,3909.748821,18196.72995
станція СОФІНО-БРІДСЬКА,станція ЧУГУЇВ,АНТРАЦИТ,416,60,4842.5625,25286.7125
станція СОФІНО-БРІДСЬКА,станція КРАМАТОРСЬК,АНТРАЦИТ,639,21,2639.744914,10313.64476
станція СОСНІВКА,станція ЖИДАЧІВ,УГОЛЬ КАМЕННЫЙ МАРКИ Г-ГАЗОВЫЙ,480,52,5330.199792,10911.26777
станція СОСНІВКА,станція ЗДОЛБУНІВ,"УГОЛЬ КАМЕННЫЙ,НЕ ПОИМЕНОВАННЫЙ В АЛФАВИТЕ",851,63,5958.879201,17758.30787
станція СОСНІВКА,станція РОЖНЯТІВ,УГОЛЬ КАМЕННЫЙ МАРКИ Г-ГАЗОВЫЙ,300,52,3332.98,12939.46667
станція СОСНІВКА,станція РОЖНЯТІВ,КОНЦЕНТРАТ УГОЛЬНЫЙ,596,41,3592.60906,14382.05906
станція СОСНІВКА,станція БУРШТИН,УГОЛЬ КАМЕННЫЙ МАРКИ Г-ГАЗОВЫЙ,632,60,3496.835443,12672.36627
станція СОСНІВКА,станція БУРШТИН,КОНЦЕНТРАТ УГОЛЬНЫЙ,873,60,3373.267125,12667.05615
станція СОСНІВКА,станція ГУМЕНЦІ,УГОЛЬ КАМЕННЫЙ МАРКИ Г-ГАЗОВЫЙ,209,58,12030.2933,27167.11072
станція СОСНІВКА,станція ГУМЕНЦІ,"УГОЛЬ КАМЕННЫЙ,НЕ ПОИМЕНОВАННЫЙ В АЛФАВИТЕ",583,81,5055.03259,28416.02916
станція СОСНІВКА,станція ЛИМАН,КОНЦЕНТРАТ УГОЛЬНЫЙ,551,296,21857.57895,91864.32341
станція СОСНІВКА,станція ЧЕРКАСИ,КОНЦЕНТРАТ УГОЛЬНЫЙ,239,277,7797.456067,58070.55607
станція СОСНІВКА,станція ЯМНИЦЯ,ШЛАМ УГОЛЬНЫЙ,358,53,8004.234637,14777.65866
станція СОСНІВКА,станція ЯМНИЦЯ,УГОЛЬ КАМЕННЫЙ МАРКИ Г-ГАЗОВЫЙ,1167,53,6852.355356,14449.91234
станція СОСНІВКА,станція ЯМНИЦЯ,"УГОЛЬ КАМЕННЫЙ,НЕ ПОИМЕНОВАННЫЙ В АЛФАВИТЕ",528,53,3095.969697,14935.98485
станція СОСНІВКА,станція ЯСНА ЗОРЯ,КОНЦЕНТРАТ УГОЛЬНЫЙ,282,125,10281.77305,69523.22695
станція СОСНІВКА,станція КАЛУШ,УГОЛЬ КАМЕННЫЙ МАРКИ Г-ГАЗОВЫЙ,1884,55,4370.990605,15452.1957
станція СОСНІВКА,станція КАЛУШ,"УГОЛЬ КАМЕННЫЙ,НЕ ПОИМЕНОВАННЫЙ В АЛФАВИТЕ",944,44,3688.776483,15452.75212
станція СОСНІВКА,станція КАЛУШ,КОНЦЕНТРАТ УГОЛЬНЫЙ,9055,44,5157.631706,15449.24674
станція СОСНІВКА,станція КОЛОМИЯ,ШЛАМ УГОЛЬНЫЙ,419,55,4077.97494,18517.02029
станція СОСНІВКА,станція ТРИПІЛЛЯ-ДНІПРОВСЬКЕ,УГОЛЬ КАМЕННЫЙ МАРКИ Г-ГАЗОВЫЙ,2230,362,14301.33148,50238.28655
станція СОСНІВКА,станція ТРИПІЛЛЯ-ДНІПРОВСЬКЕ,КОНЦЕНТРАТ УГОЛЬНЫЙ,5918,145,16138.12281,50545.46498
станція СОСНІВКА,станція ПОЛОННЕ,УГОЛЬ КАМЕННЫЙ МАРКИ Г-ГАЗОВЫЙ,1137,71,6348.700264,24920.85172
станція ПРАВДА,станція ЖАШКІВ,"УГОЛЬ КАМЕННЫЙ,НЕ ПОИМЕНОВАННЫЙ В АЛФАВИТЕ",507,126,10663.87456,52573.20552
станція ПРАВДА,станція ЗВЕНИГОРОДКА,"УГОЛЬ КАМЕННЫЙ,НЕ ПОИМЕНОВАННЫЙ В АЛФАВИТЕ",267,100,6490.526217,27912.9573
станція ПРАВДА,станція ВОЛОЧИСЬК,"УГОЛЬ КАМЕННЫЙ,НЕ ПОИМЕНОВАННЫЙ В АЛФАВИТЕ",210,150,10717.31571,62510.74762
станція ПРАВДА,станція ЧУГУЇВ,"УГОЛЬ КАМЕННЫЙ,НЕ ПОИМЕНОВАННЫЙ В АЛФАВИТЕ",294,129,9614.747619,27106.68299
станція ПРАВДА,станція ЕЛЕКТРИЧНА,"УГОЛЬ КАМЕННЫЙ,НЕ ПОИМЕНОВАННЫЙ В АЛФАВИТЕ",1123,118,9448.539359,24843.2667
станція ПРАВДА,станція ХМЕЛЬНИЦЬКИЙ,"УГОЛЬ КАМЕННЫЙ,НЕ ПОИМЕНОВАННЫЙ В АЛФАВИТЕ",362,140,10839.90442,58448.68508
станція ПРАВДА,станція ЯМНИЦЯ,"УГОЛЬ КАМЕННЫЙ,НЕ ПОИМЕНОВАННЫЙ В АЛФАВИТЕ",393,168,12584.76743,81850.6799
станція ПРАВДА,станція ТРИПІЛЛЯ-ДНІПРОВСЬКЕ,УГОЛЬ КАМЕННЫЙ МАРКИ Т-ТОЩИЙ,307,121,5751.188925,33845.86547
станція ПЛАСТИ,станція ЛИМАН,КОНЦЕНТРАТ УГОЛЬНЫЙ,243,91,10570.87449,37386.93827
станція ПЛАСТИ,станція ТРИПІЛЛЯ-ДНІПРОВСЬКЕ,КОНЦЕНТРАТ УГОЛЬНЫЙ,330,102,13817.77576,49933.63636
станція ПЛАСТИ,станція СВІТЛОДАРСЬКЕ,КОНЦЕНТРАТ УГОЛЬНЫЙ,4655,73,6808.024683,26604.61353
станція ПЛАСТИ,станція ПОКРОВСЬК,КОНЦЕНТРАТ УГОЛЬНЫЙ,354,6,1226.793785,1874.364407
станція ПІВДЕННОДОНБАСЬКА,станція РОСІЯ,"УГОЛЬ КАМЕННЫЙ,НЕ ПОИМЕНОВАННЫЙ В АЛФАВИТЕ",454,68,10219.17885,21718.67489
станція ПІВДЕННОДОНБАСЬКА,станція НОВОГРОДІВКА,УГОЛЬ КАМЕННЫЙ МАРКИ Г-ГАЗОВЫЙ,3109,56,3004.274686,10928.85053
станція ПІВДЕННОДОНБАСЬКА,станція НОВОГРОДІВКА,"УГОЛЬ КАМЕННЫЙ,НЕ ПОИМЕНОВАННЫЙ В АЛФАВИТЕ",5192,56,2911.617103,9157.192334
станція ПІВДЕННОДОНБАСЬКА,станція СВІТЛОДАРСЬКЕ,УГОЛЬ КАМЕННЫЙ МАРКИ Г-ГАЗОВЫЙ,1677,111,17255.97519,40191.86047
станція ПІВДЕННОДОНБАСЬКА,станція СВІТЛОДАРСЬКЕ,"УГОЛЬ КАМЕННЫЙ,НЕ ПОИМЕНОВАННЫЙ В АЛФАВИТЕ",858,111,17333.17179,41925.55944
станція ПІВДЕННОДОНБАСЬКА,станція ПЛАСТИ,УГОЛЬ КАМЕННЫЙ МАРКИ Г-ГАЗОВЫЙ,1996,69,8352.373547,21629.86249
станція ПІВДЕННОДОНБАСЬКА,станція ПОКРОВСЬК,УГОЛЬ КАМЕННЫЙ МАРКИ Г-ГАЗОВЫЙ,7482,80,6502.4473,18935.12934
станція ПІВДЕННОДОНБАСЬКА,станція ПОКРОВСЬК,"УГОЛЬ КАМЕННЫЙ,НЕ ПОИМЕНОВАННЫЙ В АЛФАВИТЕ",10160,80,6501.201624,20226.86384
станція ПЕРЕЇЗНА,станція ЦУКУРИХА,"УГОЛЬ КАМЕННЫЙ,НЕ ПОИМЕНОВАННЫЙ В АЛФАВИТЕ",929,41,4035.042519,17992.39177
станція ПЕРЕЇЗНА,станція НОВОГРОДІВКА,"УГОЛЬ КАМЕННЫЙ,НЕ ПОИМЕНОВАННЫЙ В АЛФАВИТЕ",811,39,4101.331073,17517.82318
станція ПЕРЕЇЗНА,станція КРИВИЙ ТОРЕЦЬ,"УГОЛЬ КАМЕННЫЙ,НЕ ПОИМЕНОВАННЫЙ В АЛФАВИТЕ",484,30,3208.568182,12294.77686
станція ПЕРЕЇЗНА,станція ПОКРОВСЬК,"УГОЛЬ КАМЕННЫЙ,НЕ ПОИМЕНОВАННЫЙ В АЛФАВИТЕ",6587,99,8337.255139,30620.16659
станція ПЕЛАГІЇВСЬКИЙ,станція ЛИМАН,АНТРАЦИТ,1065,40,3108.440376,13373.88808
станція ПЕЛАГІЇВСЬКИЙ,станція ЧУГУЇВ,АНТРАЦИТ,205,69,4473.039024,24062.16488
станція ПЕЛАГІЇВСЬКИЙ,станція ЕЛЕКТРИЧНА,АНТРАЦИТ,752,28,2833.208777,13711.44734
станція ПЕЛАГІЇВСЬКИЙ,станція НОВИЙ СВІТ,АНТРАЦИТ,7294,28,2136.264601,5930.565602
станція ПЕЛАГІЇВСЬКИЙ,станція НОВИЙ СВІТ,УГОЛЬ КАМЕННЫЙ МАРКИ Т-ТОЩИЙ,290,28,2251.296552,5936.37069
станція ПЕЛАГІЇВСЬКИЙ,станція КРАМАТОРСЬК,АНТРАЦИТ,355,18,2482.225352,8363.006761
станція ПЕТРОВЕНЬКИ,станція ДАРНИЦЯ,АНТРАЦИТ,3089,124,8494.953383,53699.51535
станція ПЕТРОВЕНЬКИ,станція ЧЕРНІГІВ,АНТРАЦИТ,1728,120,8198.086806,53124.5087
станція ПЕТРОВЕНЬКИ,станція СУМИ,АНТРАЦИТ,757,89,5853.69749,27834.27609
станція ПОКРОВСЬК,станція ЗАПОРІЖЖЯ-ЛІВЕ,КОНЦЕНТРАТ УГОЛЬНЫЙ,206,74,3827.257282,17018.83325
станція ПОКРОВСЬК,станція РОЯ,УГОЛЬ КАМЕННЫЙ МАРКИ Г-ГАЗОВЫЙ,469,24,1982.850533,3322.683006
станція ПОКРОВСЬК,станція БУРШТИН,КОНЦЕНТРАТ УГОЛЬНЫЙ,626,337,11764.79872,93923.58626
станція ПОКРОВСЬК,станція ЛИМАН,УГОЛЬ КАМЕННЫЙ МАРКИ Г-ГАЗОВЫЙ,392,130,14134.77679,36275.24967
станція ПОКРОВСЬК,станція ЛИМАН,КОНЦЕНТРАТ УГОЛЬНЫЙ,1697,110,7292.623571,28929.67413
станція ПОКРОВСЬК,станція ЕНЕРГОДАР,КОНЦЕНТРАТ УГОЛЬНЫЙ,236,91,5190.139831,28267.69831
станція ПОКРОВСЬК,станція ЯМНИЦЯ,"УГОЛЬ КАМЕННЫЙ,НЕ ПОИМЕНОВАННЫЙ В АЛФАВИТЕ",288,153,30467.12639,95394.2775
станція ПОКРОВСЬК,станція ЯМНИЦЯ,КОНЦЕНТРАТ УГОЛЬНЫЙ,635,153,20428.4348,95827.44472
станція ПОКРОВСЬК,станція НІКЕЛЬ-ПОБУЗЬКИЙ,КОНЦЕНТРАТ УГОЛЬНЫЙ,373,92,7216,44721.15282
станція ПОКРОВСЬК,станція КРИВИЙ РІГ-ГОЛОВНИЙ,УГОЛЬ КАМЕННЫЙ МАРКИ К-КОКСОВЫЙ,2494,92,4746.728148,25038.2277
станція ПОКРОВСЬК,станція КРИВИЙ РІГ-ГОЛОВНИЙ,КОНЦЕНТРАТ УГОЛЬНЫЙ,1300,92,5189.206154,25720.85923
станція ПОКРОВСЬК,станція КОМУНАРСЬК,КОНЦЕНТРАТ УГОЛЬНЫЙ,389,28,2729.706941,11822.64781
станція ПОКРОВСЬК,станція ОСНОВА,КОНЦЕНТРАТ УГОЛЬНЫЙ,1564,124,5350.248721,27343.12104
станція ПОКРОВСЬК,станція ТРИПІЛЛЯ-ДНІПРОВСЬКЕ,КОНЦЕНТРАТ УГОЛЬНЫЙ,3011,115,15394.26214,48119.76207
станція ПОКРОВСЬК,станція СВІТЛОДАРСЬКЕ,КОНЦЕНТРАТ УГОЛЬНЫЙ,21644,97,7278.600684,27484.98257
станція ПОСТНИКОВЕ,станція ЛИМАН,АНТРАЦИТ,1080,61,3918.836111,17841.47333
станція ПОСТНИКОВЕ,станція ЛИМАН,УГОЛЬ КАМЕННЫЙ МАРКИ Т-ТОЩИЙ,676,76,4359.934911,21291.30346
станція ПОСТНИКОВЕ,станція ЧУГУЇВ,АНТРАЦИТ,487,60,4714.667351,23792.03487
станція ПОСТНИКОВЕ,станція ЧУГУЇВ,УГОЛЬ КАМЕННЫЙ МАРКИ Т-ТОЩИЙ,294,25,4649.408163,23859.39864
станція ПОСТНИКОВЕ,станція ЕЛЕКТРИЧНА,АНТРАЦИТ,564,42,3207.698582,14739.43532
станція ПОСТНИКОВЕ,станція ЕЛЕКТРИЧНА,УГОЛЬ КАМЕННЫЙ МАРКИ Т-ТОЩИЙ,2841,42,3244.226329,13820.89078
станція ПОСТНИКОВЕ,станція НОВИЙ СВІТ,АНТРАЦИТ,1288,23,1915.80823,4929.53882
станція ПОСТНИКОВЕ,станція НОВОГРОДІВКА,"УГОЛЬ КАМЕННЫЙ,НЕ ПОИМЕНОВАННЫЙ В АЛФАВИТЕ",260,15,2462,9720.146154
станція ПОСТНИКОВЕ,станція КРИВИЙ ТОРЕЦЬ,"УГОЛЬ КАМЕННЫЙ,НЕ ПОИМЕНОВАННЫЙ В АЛФАВИТЕ",291,23,2479.24055,8240.443299
станція ПОСТНИКОВЕ,станція КРАМАТОРСЬК,АНТРАЦИТ,261,26.5,2641.862069,10086.84912
